run_id,campaign_id,system_id,model,replicate,run_index,run_status,failure_stage,failure_category,failure_reason,started_at,finished_at,schema_valid,referential_valid,strict_deterministic,guard_aware_deterministic,requirement_coverage,behavioral_pass_rate,final_state_agreement,trace_agreement,rejected_event_agreement,missing_transitions,extra_transitions,tier
C1_pilot_ollama_behavioral__vending_machine__qwen2.5-coder_7b__r01,C1_pilot_ollama_behavioral,vending_machine,qwen2.5-coder:7b,1,1,passed,none,none,,2026-06-03T05:47:26+00:00,2026-06-03T05:47:30+00:00,True,True,True,True,0.6666666666666666,0.5,0.0,0.0,1.0,2,3,pilot
C1_pilot_ollama_behavioral__vending_machine__qwen2.5-coder_7b__r02,C1_pilot_ollama_behavioral,vending_machine,qwen2.5-coder:7b,2,2,passed,none,none,,2026-06-03T05:47:30+00:00,2026-06-03T05:47:34+00:00,True,True,True,True,0.6666666666666666,0.5,0.0,0.0,1.0,2,3,pilot
C1_pilot_ollama_behavioral__vending_machine__qwen2.5-coder_7b__r03,C1_pilot_ollama_behavioral,vending_machine,qwen2.5-coder:7b,3,3,passed,none,none,,2026-06-03T05:47:34+00:00,2026-06-03T05:47:38+00:00,True,True,True,True,0.6666666666666666,0.5,0.0,0.0,1.0,2,3,pilot
C1_pilot_ollama_behavioral__vending_machine__qwen2.5-coder_7b__r04,C1_pilot_ollama_behavioral,vending_machine,qwen2.5-coder:7b,4,4,passed,none,none,,2026-06-03T05:47:38+00:00,2026-06-03T05:47:42+00:00,True,True,True,True,0.6666666666666666,0.5,0.0,0.0,1.0,2,3,pilot
C1_pilot_ollama_behavioral__vending_machine__qwen2.5-coder_7b__r05,C1_pilot_ollama_behavioral,vending_machine,qwen2.5-coder:7b,5,5,passed,none,none,,2026-06-03T05:47:42+00:00,2026-06-03T05:47:46+00:00,True,True,True,True,0.6666666666666666,0.5,0.0,0.0,1.0,2,3,pilot
C1_pilot_ollama_behavioral__vending_machine__llama3.1_8b__r01,C1_pilot_ollama_behavioral,vending_machine,llama3.1:8b,1,6,passed,none,none,,2026-06-03T05:50:24+00:00,2026-06-03T05:50:29+00:00,True,False,True,True,0.6666666666666666,0.5,0.0,0.0,1.0,2,3,pilot
C1_pilot_ollama_behavioral__vending_machine__llama3.1_8b__r02,C1_pilot_ollama_behavioral,vending_machine,llama3.1:8b,2,7,passed,none,none,,2026-06-03T05:50:29+00:00,2026-06-03T05:50:32+00:00,True,False,True,True,0.6666666666666666,0.5,0.0,0.0,1.0,2,3,pilot
C1_pilot_ollama_behavioral__vending_machine__llama3.1_8b__r03,C1_pilot_ollama_behavioral,vending_machine,llama3.1:8b,3,8,passed,none,none,,2026-06-03T05:50:32+00:00,2026-06-03T05:50:36+00:00,True,False,True,True,0.6666666666666666,0.5,0.0,0.0,1.0,2,3,pilot
C1_pilot_ollama_behavioral__vending_machine__llama3.1_8b__r04,C1_pilot_ollama_behavioral,vending_machine,llama3.1:8b,4,9,passed,none,none,,2026-06-03T05:50:36+00:00,2026-06-03T05:50:39+00:00,True,False,True,True,0.6666666666666666,0.5,0.0,0.0,1.0,2,3,pilot
C1_pilot_ollama_behavioral__vending_machine__llama3.1_8b__r05,C1_pilot_ollama_behavioral,vending_machine,llama3.1:8b,5,10,passed,none,none,,2026-06-03T05:50:39+00:00,2026-06-03T05:50:42+00:00,True,False,True,True,0.6666666666666666,0.5,0.0,0.0,1.0,2,3,pilot
C1_pilot_ollama_behavioral__vending_machine__mistral-nemo_12b__r01,C1_pilot_ollama_behavioral,vending_machine,mistral-nemo:12b,1,11,passed,none,none,,2026-06-03T05:50:42+00:00,2026-06-03T05:50:48+00:00,True,True,True,True,0.5,0.5,0.0,0.0,1.0,2,2,pilot
C1_pilot_ollama_behavioral__vending_machine__mistral-nemo_12b__r02,C1_pilot_ollama_behavioral,vending_machine,mistral-nemo:12b,2,12,passed,none,none,,2026-06-03T05:50:48+00:00,2026-06-03T05:50:52+00:00,True,True,True,True,0.5,0.5,0.0,0.0,1.0,2,2,pilot
C1_pilot_ollama_behavioral__vending_machine__mistral-nemo_12b__r03,C1_pilot_ollama_behavioral,vending_machine,mistral-nemo:12b,3,13,passed,none,none,,2026-06-03T05:50:52+00:00,2026-06-03T05:50:56+00:00,True,True,True,True,0.5,0.5,0.0,0.0,1.0,2,2,pilot
C1_pilot_ollama_behavioral__vending_machine__mistral-nemo_12b__r04,C1_pilot_ollama_behavioral,vending_machine,mistral-nemo:12b,4,14,passed,none,none,,2026-06-03T05:50:56+00:00,2026-06-03T05:50:59+00:00,True,True,True,True,0.5,0.5,0.0,0.0,1.0,2,2,pilot
C1_pilot_ollama_behavioral__vending_machine__mistral-nemo_12b__r05,C1_pilot_ollama_behavioral,vending_machine,mistral-nemo:12b,5,15,passed,none,none,,2026-06-03T05:50:59+00:00,2026-06-03T05:51:03+00:00,True,True,True,True,0.5,0.5,0.0,0.0,1.0,2,2,pilot
C1_pilot_ollama_behavioral__vending_machine__gemma2_9b__r01,C1_pilot_ollama_behavioral,vending_machine,gemma2:9b,1,16,passed,none,none,,2026-06-03T05:51:03+00:00,2026-06-03T05:51:12+00:00,True,True,True,True,0.5,0.5,0.0,0.0,1.0,2,2,pilot
C1_pilot_ollama_behavioral__vending_machine__gemma2_9b__r02,C1_pilot_ollama_behavioral,vending_machine,gemma2:9b,2,17,passed,none,none,,2026-06-03T05:51:12+00:00,2026-06-03T05:51:20+00:00,True,True,True,True,0.5,0.5,0.0,0.0,1.0,2,2,pilot
C1_pilot_ollama_behavioral__vending_machine__gemma2_9b__r03,C1_pilot_ollama_behavioral,vending_machine,gemma2:9b,3,18,passed,none,none,,2026-06-03T05:51:20+00:00,2026-06-03T05:51:27+00:00,True,True,True,True,0.5,0.5,0.0,0.0,1.0,2,2,pilot
C1_pilot_ollama_behavioral__vending_machine__gemma2_9b__r04,C1_pilot_ollama_behavioral,vending_machine,gemma2:9b,4,19,passed,none,none,,2026-06-03T05:51:27+00:00,2026-06-03T05:51:34+00:00,True,True,True,True,0.5,0.5,0.0,0.0,1.0,2,2,pilot
C1_pilot_ollama_behavioral__vending_machine__gemma2_9b__r05,C1_pilot_ollama_behavioral,vending_machine,gemma2:9b,5,20,passed,none,none,,2026-06-03T05:51:34+00:00,2026-06-03T05:51:42+00:00,True,True,True,True,0.5,0.5,0.0,0.0,1.0,2,2,pilot
C1_pilot_ollama_behavioral__login_system__qwen2.5-coder_7b__r01,C1_pilot_ollama_behavioral,login_system,qwen2.5-coder:7b,1,21,passed,none,none,,2026-06-03T05:51:42+00:00,2026-06-03T05:51:48+00:00,True,True,True,True,0.6666666666666666,0.5,0.0,0.0,1.0,2,2,pilot
C1_pilot_ollama_behavioral__login_system__qwen2.5-coder_7b__r02,C1_pilot_ollama_behavioral,login_system,qwen2.5-coder:7b,2,22,passed,none,none,,2026-06-03T05:51:48+00:00,2026-06-03T05:51:52+00:00,True,True,True,True,0.6666666666666666,0.5,0.0,0.0,1.0,2,2,pilot
C1_pilot_ollama_behavioral__login_system__qwen2.5-coder_7b__r03,C1_pilot_ollama_behavioral,login_system,qwen2.5-coder:7b,3,23,passed,none,none,,2026-06-03T05:51:52+00:00,2026-06-03T05:51:56+00:00,True,True,True,True,0.6666666666666666,0.5,0.0,0.0,1.0,2,2,pilot
C1_pilot_ollama_behavioral__login_system__qwen2.5-coder_7b__r04,C1_pilot_ollama_behavioral,login_system,qwen2.5-coder:7b,4,24,passed,none,none,,2026-06-03T05:51:56+00:00,2026-06-03T05:52:01+00:00,True,True,True,True,0.6666666666666666,0.5,0.0,0.0,1.0,2,2,pilot
C1_pilot_ollama_behavioral__login_system__qwen2.5-coder_7b__r05,C1_pilot_ollama_behavioral,login_system,qwen2.5-coder:7b,5,25,passed,none,none,,2026-06-03T05:52:01+00:00,2026-06-03T05:52:05+00:00,True,True,True,True,0.6666666666666666,0.5,0.0,0.0,1.0,2,2,pilot
C1_pilot_ollama_behavioral__login_system__llama3.1_8b__r01,C1_pilot_ollama_behavioral,login_system,llama3.1:8b,1,26,passed,none,none,,2026-06-03T05:52:05+00:00,2026-06-03T05:52:10+00:00,True,True,False,False,0.6666666666666666,0.5,0.0,0.0,1.0,2,2,pilot
C1_pilot_ollama_behavioral__login_system__llama3.1_8b__r02,C1_pilot_ollama_behavioral,login_system,llama3.1:8b,2,27,passed,none,none,,2026-06-03T05:52:10+00:00,2026-06-03T05:52:14+00:00,True,True,False,False,0.6666666666666666,0.5,0.0,0.0,1.0,2,2,pilot
C1_pilot_ollama_behavioral__login_system__llama3.1_8b__r03,C1_pilot_ollama_behavioral,login_system,llama3.1:8b,3,28,passed,none,none,,2026-06-03T05:52:14+00:00,2026-06-03T05:52:18+00:00,True,True,False,False,0.6666666666666666,0.5,0.0,0.0,1.0,2,2,pilot
C1_pilot_ollama_behavioral__login_system__llama3.1_8b__r04,C1_pilot_ollama_behavioral,login_system,llama3.1:8b,4,29,passed,none,none,,2026-06-03T05:52:18+00:00,2026-06-03T05:52:22+00:00,True,True,False,False,0.6666666666666666,0.5,0.0,0.0,1.0,2,2,pilot
C1_pilot_ollama_behavioral__login_system__llama3.1_8b__r05,C1_pilot_ollama_behavioral,login_system,llama3.1:8b,5,30,passed,none,none,,2026-06-03T05:52:22+00:00,2026-06-03T05:52:25+00:00,True,True,False,False,0.6666666666666666,0.5,0.0,0.0,1.0,2,2,pilot
C1_pilot_ollama_behavioral__login_system__mistral-nemo_12b__r01,C1_pilot_ollama_behavioral,login_system,mistral-nemo:12b,1,31,passed,none,none,,2026-06-03T05:52:25+00:00,2026-06-03T05:52:32+00:00,True,True,True,True,0.6666666666666666,0.5,0.0,0.0,1.0,4,4,pilot
C1_pilot_ollama_behavioral__login_system__mistral-nemo_12b__r02,C1_pilot_ollama_behavioral,login_system,mistral-nemo:12b,2,32,passed,none,none,,2026-06-03T05:52:32+00:00,2026-06-03T05:52:37+00:00,True,True,True,True,0.6666666666666666,0.5,0.0,0.0,1.0,4,4,pilot
C1_pilot_ollama_behavioral__login_system__mistral-nemo_12b__r03,C1_pilot_ollama_behavioral,login_system,mistral-nemo:12b,3,33,passed,none,none,,2026-06-03T05:52:37+00:00,2026-06-03T05:52:42+00:00,True,True,True,True,0.6666666666666666,0.5,0.0,0.0,1.0,4,4,pilot
C1_pilot_ollama_behavioral__login_system__mistral-nemo_12b__r04,C1_pilot_ollama_behavioral,login_system,mistral-nemo:12b,4,34,passed,none,none,,2026-06-03T05:52:42+00:00,2026-06-03T05:52:46+00:00,True,True,True,True,0.6666666666666666,0.5,0.0,0.0,1.0,4,4,pilot
C1_pilot_ollama_behavioral__login_system__mistral-nemo_12b__r05,C1_pilot_ollama_behavioral,login_system,mistral-nemo:12b,5,35,passed,none,none,,2026-06-03T05:52:46+00:00,2026-06-03T05:52:51+00:00,True,True,True,True,0.6666666666666666,0.5,0.0,0.0,1.0,4,4,pilot
C1_pilot_ollama_behavioral__login_system__gemma2_9b__r01,C1_pilot_ollama_behavioral,login_system,gemma2:9b,1,36,passed,none,none,,2026-06-03T05:52:51+00:00,2026-06-03T05:53:00+00:00,True,True,True,True,0.6666666666666666,1.0,1.0,1.0,1.0,0,0,pilot
C1_pilot_ollama_behavioral__login_system__gemma2_9b__r02,C1_pilot_ollama_behavioral,login_system,gemma2:9b,2,37,passed,none,none,,2026-06-03T05:53:00+00:00,2026-06-03T05:53:10+00:00,True,True,True,True,0.6666666666666666,1.0,1.0,1.0,1.0,0,0,pilot
C1_pilot_ollama_behavioral__login_system__gemma2_9b__r03,C1_pilot_ollama_behavioral,login_system,gemma2:9b,3,38,passed,none,none,,2026-06-03T05:53:10+00:00,2026-06-03T05:53:21+00:00,True,True,True,True,0.6666666666666666,1.0,1.0,1.0,1.0,0,0,pilot
C1_pilot_ollama_behavioral__login_system__gemma2_9b__r04,C1_pilot_ollama_behavioral,login_system,gemma2:9b,4,39,passed,none,none,,2026-06-03T05:53:21+00:00,2026-06-03T05:53:31+00:00,True,True,True,True,0.6666666666666666,1.0,1.0,1.0,1.0,0,0,pilot
C1_pilot_ollama_behavioral__login_system__gemma2_9b__r05,C1_pilot_ollama_behavioral,login_system,gemma2:9b,5,40,passed,none,none,,2026-06-03T05:53:31+00:00,2026-06-03T05:53:41+00:00,True,True,True,True,0.6666666666666666,1.0,1.0,1.0,1.0,0,0,pilot
C1_pilot_ollama_behavioral__atm__qwen2.5-coder_7b__r01,C1_pilot_ollama_behavioral,atm,qwen2.5-coder:7b,1,41,failed,parsing,parse_error,fsm parse error: 'target',2026-06-03T05:53:41+00:00,2026-06-03T05:53:50+00:00,False,,,,,,,,,,,pilot
C1_pilot_ollama_behavioral__atm__qwen2.5-coder_7b__r02,C1_pilot_ollama_behavioral,atm,qwen2.5-coder:7b,2,42,failed,parsing,parse_error,fsm parse error: 'target',2026-06-03T05:53:50+00:00,2026-06-03T05:53:57+00:00,False,,,,,,,,,,,pilot
C1_pilot_ollama_behavioral__atm__qwen2.5-coder_7b__r03,C1_pilot_ollama_behavioral,atm,qwen2.5-coder:7b,3,43,failed,parsing,parse_error,fsm parse error: 'target',2026-06-03T05:53:57+00:00,2026-06-03T05:54:04+00:00,False,,,,,,,,,,,pilot
C1_pilot_ollama_behavioral__atm__qwen2.5-coder_7b__r04,C1_pilot_ollama_behavioral,atm,qwen2.5-coder:7b,4,44,failed,parsing,parse_error,fsm parse error: 'target',2026-06-03T05:54:04+00:00,2026-06-03T05:54:11+00:00,False,,,,,,,,,,,pilot
C1_pilot_ollama_behavioral__atm__qwen2.5-coder_7b__r05,C1_pilot_ollama_behavioral,atm,qwen2.5-coder:7b,5,45,failed,parsing,parse_error,fsm parse error: 'target',2026-06-03T05:54:11+00:00,2026-06-03T05:54:17+00:00,False,,,,,,,,,,,pilot
C1_pilot_ollama_behavioral__atm__llama3.1_8b__r01,C1_pilot_ollama_behavioral,atm,llama3.1:8b,1,46,failed,schema_validation,schema_error,"forbidden_behaviours.0: Additional properties are not allowed ('event', 'source' were unexpected)",2026-06-03T05:54:17+00:00,2026-06-03T05:54:25+00:00,False,,,,,,,,,,,pilot
C1_pilot_ollama_behavioral__atm__llama3.1_8b__r02,C1_pilot_ollama_behavioral,atm,llama3.1:8b,2,47,passed,none,none,,2026-06-03T05:54:25+00:00,2026-06-03T05:54:31+00:00,True,True,True,True,0.75,0.3125,0.15384615384615385,0.0,1.0,3,3,pilot
C1_pilot_ollama_behavioral__atm__llama3.1_8b__r03,C1_pilot_ollama_behavioral,atm,llama3.1:8b,3,48,passed,none,none,,2026-06-03T05:54:31+00:00,2026-06-03T05:54:37+00:00,True,True,True,True,0.75,0.3125,0.15384615384615385,0.0,1.0,3,3,pilot
C1_pilot_ollama_behavioral__atm__llama3.1_8b__r04,C1_pilot_ollama_behavioral,atm,llama3.1:8b,4,49,passed,none,none,,2026-06-03T05:54:37+00:00,2026-06-03T05:54:43+00:00,True,True,True,True,0.75,0.3125,0.15384615384615385,0.0,1.0,3,3,pilot
C1_pilot_ollama_behavioral__atm__llama3.1_8b__r05,C1_pilot_ollama_behavioral,atm,llama3.1:8b,5,50,passed,none,none,,2026-06-03T05:54:43+00:00,2026-06-03T05:54:49+00:00,True,True,True,True,0.75,0.3125,0.15384615384615385,0.0,1.0,3,3,pilot
C1_pilot_ollama_behavioral__atm__mistral-nemo_12b__r01,C1_pilot_ollama_behavioral,atm,mistral-nemo:12b,1,51,passed,none,none,,2026-06-03T05:54:49+00:00,2026-06-03T05:54:57+00:00,True,True,True,True,0.75,0.3125,0.15384615384615385,0.0,1.0,5,5,pilot
C1_pilot_ollama_behavioral__atm__mistral-nemo_12b__r02,C1_pilot_ollama_behavioral,atm,mistral-nemo:12b,2,52,passed,none,none,,2026-06-03T05:54:57+00:00,2026-06-03T05:55:04+00:00,True,True,True,True,0.875,0.3125,0.15384615384615385,0.0,1.0,5,6,pilot
C1_pilot_ollama_behavioral__atm__mistral-nemo_12b__r03,C1_pilot_ollama_behavioral,atm,mistral-nemo:12b,3,53,passed,none,none,,2026-06-03T05:55:04+00:00,2026-06-03T05:55:11+00:00,True,True,True,True,0.875,0.3125,0.15384615384615385,0.0,1.0,5,6,pilot
C1_pilot_ollama_behavioral__atm__mistral-nemo_12b__r04,C1_pilot_ollama_behavioral,atm,mistral-nemo:12b,4,54,passed,none,none,,2026-06-03T05:55:11+00:00,2026-06-03T05:55:17+00:00,True,True,True,True,0.875,0.3125,0.15384615384615385,0.0,1.0,5,6,pilot
C1_pilot_ollama_behavioral__atm__mistral-nemo_12b__r05,C1_pilot_ollama_behavioral,atm,mistral-nemo:12b,5,55,passed,none,none,,2026-06-03T05:55:17+00:00,2026-06-03T05:55:24+00:00,True,True,True,True,0.875,0.3125,0.15384615384615385,0.0,1.0,5,6,pilot
C1_pilot_ollama_behavioral__atm__gemma2_9b__r01,C1_pilot_ollama_behavioral,atm,gemma2:9b,1,56,passed,none,none,,2026-06-03T05:55:24+00:00,2026-06-03T05:55:36+00:00,True,True,True,True,0.75,0.3125,0.15384615384615385,0.0,1.0,4,4,pilot
C1_pilot_ollama_behavioral__atm__gemma2_9b__r02,C1_pilot_ollama_behavioral,atm,gemma2:9b,2,57,passed,none,none,,2026-06-03T05:55:36+00:00,2026-06-03T05:55:48+00:00,True,True,True,True,0.75,0.3125,0.15384615384615385,0.0,1.0,4,4,pilot
C1_pilot_ollama_behavioral__atm__gemma2_9b__r03,C1_pilot_ollama_behavioral,atm,gemma2:9b,3,58,passed,none,none,,2026-06-03T05:55:48+00:00,2026-06-03T05:56:00+00:00,True,True,True,True,0.75,0.3125,0.15384615384615385,0.0,1.0,4,4,pilot
C1_pilot_ollama_behavioral__atm__gemma2_9b__r04,C1_pilot_ollama_behavioral,atm,gemma2:9b,4,59,passed,none,none,,2026-06-03T05:56:00+00:00,2026-06-03T05:56:12+00:00,True,True,True,True,0.75,0.3125,0.15384615384615385,0.0,1.0,4,4,pilot
C1_pilot_ollama_behavioral__atm__gemma2_9b__r05,C1_pilot_ollama_behavioral,atm,gemma2:9b,5,60,passed,none,none,,2026-06-03T05:56:12+00:00,2026-06-03T05:56:23+00:00,True,True,True,True,0.75,0.3125,0.15384615384615385,0.0,1.0,4,4,pilot
C2_core_ollama_behavioral__parking_gate__qwen2.5-coder_7b__r01,C2_core_ollama_behavioral,parking_gate,qwen2.5-coder:7b,1,1,passed,none,none,,2026-06-03T08:08:17+00:00,2026-06-03T08:08:24+00:00,True,True,True,True,0.5,0.29411764705882354,0.14285714285714285,0.0,1.0,4,6,core
C2_core_ollama_behavioral__parking_gate__qwen2.5-coder_7b__r02,C2_core_ollama_behavioral,parking_gate,qwen2.5-coder:7b,2,2,passed,none,none,,2026-06-03T08:08:24+00:00,2026-06-03T08:08:29+00:00,True,True,True,True,0.625,0.29411764705882354,0.14285714285714285,0.0,1.0,4,6,core
C2_core_ollama_behavioral__parking_gate__qwen2.5-coder_7b__r03,C2_core_ollama_behavioral,parking_gate,qwen2.5-coder:7b,3,3,passed,none,none,,2026-06-03T08:08:29+00:00,2026-06-03T08:08:35+00:00,True,True,True,True,0.625,0.29411764705882354,0.14285714285714285,0.0,1.0,4,6,core
C2_core_ollama_behavioral__parking_gate__qwen2.5-coder_7b__r04,C2_core_ollama_behavioral,parking_gate,qwen2.5-coder:7b,4,4,passed,none,none,,2026-06-03T08:08:35+00:00,2026-06-03T08:08:40+00:00,True,True,True,True,0.625,0.29411764705882354,0.14285714285714285,0.0,1.0,4,6,core
C2_core_ollama_behavioral__parking_gate__qwen2.5-coder_7b__r05,C2_core_ollama_behavioral,parking_gate,qwen2.5-coder:7b,5,5,passed,none,none,,2026-06-03T08:08:40+00:00,2026-06-03T08:08:45+00:00,True,True,True,True,0.625,0.29411764705882354,0.14285714285714285,0.0,1.0,4,6,core
C2_core_ollama_behavioral__parking_gate__llama3.1_8b__r01,C2_core_ollama_behavioral,parking_gate,llama3.1:8b,1,6,failed,schema_validation,schema_error,"forbidden_behaviours.0: Additional properties are not allowed ('event', 'source', 'target' were unexpected); forbidden_behaviours.1: Additional properties are not allowed ('event', 'source', 'target' were unexpected)",2026-06-03T08:08:45+00:00,2026-06-03T08:08:51+00:00,False,,,,,,,,,,,core
C2_core_ollama_behavioral__parking_gate__llama3.1_8b__r02,C2_core_ollama_behavioral,parking_gate,llama3.1:8b,2,7,failed,schema_validation,schema_error,"forbidden_behaviours.0: Additional properties are not allowed ('event', 'source', 'target' were unexpected); forbidden_behaviours.1: Additional properties are not allowed ('event', 'source', 'target' were unexpected)",2026-06-03T08:08:51+00:00,2026-06-03T08:08:56+00:00,False,,,,,,,,,,,core
C2_core_ollama_behavioral__parking_gate__llama3.1_8b__r03,C2_core_ollama_behavioral,parking_gate,llama3.1:8b,3,8,failed,schema_validation,schema_error,"forbidden_behaviours.0: Additional properties are not allowed ('event', 'source', 'target' were unexpected); forbidden_behaviours.1: Additional properties are not allowed ('event', 'source', 'target' were unexpected)",2026-06-03T08:08:56+00:00,2026-06-03T08:09:00+00:00,False,,,,,,,,,,,core
C2_core_ollama_behavioral__parking_gate__llama3.1_8b__r04,C2_core_ollama_behavioral,parking_gate,llama3.1:8b,4,9,failed,schema_validation,schema_error,"forbidden_behaviours.0: Additional properties are not allowed ('event', 'source', 'target' were unexpected); forbidden_behaviours.1: Additional properties are not allowed ('event', 'source', 'target' were unexpected)",2026-06-03T08:09:00+00:00,2026-06-03T08:09:05+00:00,False,,,,,,,,,,,core
C2_core_ollama_behavioral__parking_gate__llama3.1_8b__r05,C2_core_ollama_behavioral,parking_gate,llama3.1:8b,5,10,failed,schema_validation,schema_error,"forbidden_behaviours.0: Additional properties are not allowed ('event', 'source', 'target' were unexpected); forbidden_behaviours.1: Additional properties are not allowed ('event', 'source', 'target' were unexpected)",2026-06-03T08:09:05+00:00,2026-06-03T08:09:09+00:00,False,,,,,,,,,,,core
C2_core_ollama_behavioral__parking_gate__mistral-nemo_12b__r01,C2_core_ollama_behavioral,parking_gate,mistral-nemo:12b,1,11,passed,none,none,,2026-06-03T08:09:09+00:00,2026-06-03T08:09:15+00:00,True,True,True,True,0.5,0.29411764705882354,0.14285714285714285,0.0,1.0,4,4,core
C2_core_ollama_behavioral__parking_gate__mistral-nemo_12b__r02,C2_core_ollama_behavioral,parking_gate,mistral-nemo:12b,2,12,passed,none,none,,2026-06-03T08:09:15+00:00,2026-06-03T08:09:19+00:00,True,True,True,True,0.5,0.29411764705882354,0.14285714285714285,0.0,1.0,4,4,core
C2_core_ollama_behavioral__parking_gate__mistral-nemo_12b__r03,C2_core_ollama_behavioral,parking_gate,mistral-nemo:12b,3,13,passed,none,none,,2026-06-03T08:09:19+00:00,2026-06-03T08:09:23+00:00,True,True,True,True,0.5,0.29411764705882354,0.14285714285714285,0.0,1.0,4,4,core
C2_core_ollama_behavioral__parking_gate__mistral-nemo_12b__r04,C2_core_ollama_behavioral,parking_gate,mistral-nemo:12b,4,14,passed,none,none,,2026-06-03T08:09:23+00:00,2026-06-03T08:09:27+00:00,True,True,True,True,0.5,0.29411764705882354,0.14285714285714285,0.0,1.0,4,4,core
C2_core_ollama_behavioral__parking_gate__mistral-nemo_12b__r05,C2_core_ollama_behavioral,parking_gate,mistral-nemo:12b,5,15,passed,none,none,,2026-06-03T08:09:27+00:00,2026-06-03T08:09:31+00:00,True,True,True,True,0.5,0.29411764705882354,0.14285714285714285,0.0,1.0,4,4,core
C2_core_ollama_behavioral__parking_gate__gemma2_9b__r01,C2_core_ollama_behavioral,parking_gate,gemma2:9b,1,16,passed,none,none,,2026-06-03T08:09:31+00:00,2026-06-03T08:09:41+00:00,True,True,True,True,0.5,0.29411764705882354,0.14285714285714285,0.0,1.0,3,3,core
C2_core_ollama_behavioral__parking_gate__gemma2_9b__r02,C2_core_ollama_behavioral,parking_gate,gemma2:9b,2,17,passed,none,none,,2026-06-03T08:09:41+00:00,2026-06-03T08:09:50+00:00,True,True,True,True,0.5,0.29411764705882354,0.14285714285714285,0.0,1.0,3,3,core
C2_core_ollama_behavioral__parking_gate__gemma2_9b__r03,C2_core_ollama_behavioral,parking_gate,gemma2:9b,3,18,passed,none,none,,2026-06-03T08:09:50+00:00,2026-06-03T08:09:58+00:00,True,True,True,True,0.5,0.29411764705882354,0.14285714285714285,0.0,1.0,3,3,core
C2_core_ollama_behavioral__parking_gate__gemma2_9b__r04,C2_core_ollama_behavioral,parking_gate,gemma2:9b,4,19,passed,none,none,,2026-06-03T08:09:58+00:00,2026-06-03T08:10:06+00:00,True,True,True,True,0.5,0.29411764705882354,0.14285714285714285,0.0,1.0,3,3,core
C2_core_ollama_behavioral__parking_gate__gemma2_9b__r05,C2_core_ollama_behavioral,parking_gate,gemma2:9b,5,20,passed,none,none,,2026-06-03T08:10:06+00:00,2026-06-03T08:10:14+00:00,True,True,True,True,0.5,0.29411764705882354,0.14285714285714285,0.0,1.0,3,3,core
C2_core_ollama_behavioral__access_control__qwen2.5-coder_7b__r01,C2_core_ollama_behavioral,access_control,qwen2.5-coder:7b,1,21,passed,none,none,,2026-06-03T08:10:14+00:00,2026-06-03T08:10:20+00:00,True,True,True,True,0.5,0.6666666666666666,1.0,1.0,0.0,1,3,core
C2_core_ollama_behavioral__access_control__qwen2.5-coder_7b__r02,C2_core_ollama_behavioral,access_control,qwen2.5-coder:7b,2,22,passed,none,none,,2026-06-03T08:10:20+00:00,2026-06-03T08:10:24+00:00,True,True,True,True,0.5,0.6666666666666666,1.0,1.0,0.0,1,3,core
C2_core_ollama_behavioral__access_control__qwen2.5-coder_7b__r03,C2_core_ollama_behavioral,access_control,qwen2.5-coder:7b,3,23,passed,none,none,,2026-06-03T08:10:24+00:00,2026-06-03T08:10:28+00:00,True,True,True,True,0.5,0.6666666666666666,1.0,1.0,0.0,1,3,core
C2_core_ollama_behavioral__access_control__qwen2.5-coder_7b__r04,C2_core_ollama_behavioral,access_control,qwen2.5-coder:7b,4,24,passed,none,none,,2026-06-03T08:10:28+00:00,2026-06-03T08:10:32+00:00,True,True,True,True,0.5,0.6666666666666666,1.0,1.0,0.0,1,3,core
C2_core_ollama_behavioral__access_control__qwen2.5-coder_7b__r05,C2_core_ollama_behavioral,access_control,qwen2.5-coder:7b,5,25,passed,none,none,,2026-06-03T08:10:32+00:00,2026-06-03T08:10:36+00:00,True,True,True,True,0.5,0.6666666666666666,1.0,1.0,0.0,1,3,core
C2_core_ollama_behavioral__access_control__llama3.1_8b__r01,C2_core_ollama_behavioral,access_control,llama3.1:8b,1,26,passed,none,none,,2026-06-03T08:10:36+00:00,2026-06-03T08:10:42+00:00,True,True,False,False,0.625,0.16666666666666666,0.25,0.0,0.0,1,4,core
C2_core_ollama_behavioral__access_control__llama3.1_8b__r02,C2_core_ollama_behavioral,access_control,llama3.1:8b,2,27,passed,none,none,,2026-06-03T08:10:42+00:00,2026-06-03T08:10:47+00:00,True,True,False,False,0.625,0.16666666666666666,0.25,0.0,0.0,1,4,core
C2_core_ollama_behavioral__access_control__llama3.1_8b__r03,C2_core_ollama_behavioral,access_control,llama3.1:8b,3,28,passed,none,none,,2026-06-03T08:10:47+00:00,2026-06-03T08:10:52+00:00,True,True,False,False,0.625,0.16666666666666666,0.25,0.0,0.0,1,4,core
C2_core_ollama_behavioral__access_control__llama3.1_8b__r04,C2_core_ollama_behavioral,access_control,llama3.1:8b,4,29,passed,none,none,,2026-06-03T08:10:52+00:00,2026-06-03T08:10:58+00:00,True,True,False,False,0.625,0.16666666666666666,0.25,0.0,0.0,1,4,core
C2_core_ollama_behavioral__access_control__llama3.1_8b__r05,C2_core_ollama_behavioral,access_control,llama3.1:8b,5,30,passed,none,none,,2026-06-03T08:10:58+00:00,2026-06-03T08:11:03+00:00,True,True,False,False,0.625,0.16666666666666666,0.25,0.0,0.0,1,4,core
C2_core_ollama_behavioral__access_control__mistral-nemo_12b__r01,C2_core_ollama_behavioral,access_control,mistral-nemo:12b,1,31,passed,none,none,,2026-06-03T08:11:03+00:00,2026-06-03T08:11:12+00:00,True,True,False,False,0.5,0.5,0.25,0.0,1.0,2,6,core
C2_core_ollama_behavioral__access_control__mistral-nemo_12b__r02,C2_core_ollama_behavioral,access_control,mistral-nemo:12b,2,32,passed,none,none,,2026-06-03T08:11:12+00:00,2026-06-03T08:11:20+00:00,True,True,False,False,0.5,0.5,0.25,0.0,1.0,2,6,core
C2_core_ollama_behavioral__access_control__mistral-nemo_12b__r03,C2_core_ollama_behavioral,access_control,mistral-nemo:12b,3,33,passed,none,none,,2026-06-03T08:11:20+00:00,2026-06-03T08:11:28+00:00,True,True,False,False,0.5,0.5,0.25,0.0,1.0,2,6,core
C2_core_ollama_behavioral__access_control__mistral-nemo_12b__r04,C2_core_ollama_behavioral,access_control,mistral-nemo:12b,4,34,passed,none,none,,2026-06-03T08:11:28+00:00,2026-06-03T08:11:36+00:00,True,True,False,False,0.5,0.5,0.25,0.0,1.0,2,6,core
C2_core_ollama_behavioral__access_control__mistral-nemo_12b__r05,C2_core_ollama_behavioral,access_control,mistral-nemo:12b,5,35,passed,none,none,,2026-06-03T08:11:36+00:00,2026-06-03T08:11:44+00:00,True,True,False,False,0.5,0.5,0.25,0.0,1.0,2,6,core
C2_core_ollama_behavioral__access_control__gemma2_9b__r01,C2_core_ollama_behavioral,access_control,gemma2:9b,1,36,passed,none,none,,2026-06-03T08:11:44+00:00,2026-06-03T08:11:50+00:00,True,True,False,False,0.625,0.5,0.25,0.0,1.0,2,5,core
C2_core_ollama_behavioral__access_control__gemma2_9b__r02,C2_core_ollama_behavioral,access_control,gemma2:9b,2,37,passed,none,none,,2026-06-03T08:11:50+00:00,2026-06-03T08:11:55+00:00,True,True,True,True,0.5,0.5,0.25,0.0,1.0,2,4,core
C2_core_ollama_behavioral__access_control__gemma2_9b__r03,C2_core_ollama_behavioral,access_control,gemma2:9b,3,38,passed,none,none,,2026-06-03T08:11:55+00:00,2026-06-03T08:12:00+00:00,True,True,True,True,0.5,0.5,0.25,0.0,1.0,2,4,core
C2_core_ollama_behavioral__access_control__gemma2_9b__r04,C2_core_ollama_behavioral,access_control,gemma2:9b,4,39,passed,none,none,,2026-06-03T08:12:00+00:00,2026-06-03T08:12:05+00:00,True,True,True,True,0.5,0.5,0.25,0.0,1.0,2,4,core
C2_core_ollama_behavioral__access_control__gemma2_9b__r05,C2_core_ollama_behavioral,access_control,gemma2:9b,5,40,passed,none,none,,2026-06-03T08:12:05+00:00,2026-06-03T08:12:10+00:00,True,True,True,True,0.5,0.5,0.25,0.0,1.0,2,4,core
C2_core_ollama_behavioral__bike_rental__qwen2.5-coder_7b__r01,C2_core_ollama_behavioral,bike_rental,qwen2.5-coder:7b,1,41,passed,none,none,,2026-06-03T08:12:10+00:00,2026-06-03T08:12:16+00:00,True,True,True,True,0.625,0.7647058823529411,0.7333333333333333,0.5,1.0,1,1,core
C2_core_ollama_behavioral__bike_rental__qwen2.5-coder_7b__r02,C2_core_ollama_behavioral,bike_rental,qwen2.5-coder:7b,2,42,passed,none,none,,2026-06-03T08:12:16+00:00,2026-06-03T08:12:21+00:00,True,True,True,True,0.625,0.7647058823529411,0.7333333333333333,0.5,1.0,1,1,core
C2_core_ollama_behavioral__bike_rental__qwen2.5-coder_7b__r03,C2_core_ollama_behavioral,bike_rental,qwen2.5-coder:7b,3,43,passed,none,none,,2026-06-03T08:12:21+00:00,2026-06-03T08:12:26+00:00,True,True,True,True,0.625,0.7647058823529411,0.7333333333333333,0.5,1.0,1,1,core
C2_core_ollama_behavioral__bike_rental__qwen2.5-coder_7b__r04,C2_core_ollama_behavioral,bike_rental,qwen2.5-coder:7b,4,44,passed,none,none,,2026-06-03T08:12:26+00:00,2026-06-03T08:12:31+00:00,True,True,True,True,0.625,0.7647058823529411,0.7333333333333333,0.5,1.0,1,1,core
C2_core_ollama_behavioral__bike_rental__qwen2.5-coder_7b__r05,C2_core_ollama_behavioral,bike_rental,qwen2.5-coder:7b,5,45,passed,none,none,,2026-06-03T08:12:31+00:00,2026-06-03T08:12:36+00:00,True,True,True,True,0.625,0.7647058823529411,0.7333333333333333,0.5,1.0,1,1,core
C2_core_ollama_behavioral__bike_rental__llama3.1_8b__r01,C2_core_ollama_behavioral,bike_rental,llama3.1:8b,1,46,failed,schema_validation,schema_error,"forbidden_behaviours.0: Additional properties are not allowed ('event', 'source', 'target' were unexpected); forbidden_behaviours.1: Additional properties are not allowed ('event', 'source', 'target' were unexpected)",2026-06-03T08:12:36+00:00,2026-06-03T08:12:44+00:00,False,,,,,,,,,,,core
C2_core_ollama_behavioral__bike_rental__llama3.1_8b__r02,C2_core_ollama_behavioral,bike_rental,llama3.1:8b,2,47,failed,schema_validation,schema_error,"forbidden_behaviours.0: Additional properties are not allowed ('event', 'source', 'target' were unexpected); forbidden_behaviours.1: Additional properties are not allowed ('event', 'source', 'target' were unexpected)",2026-06-03T08:12:44+00:00,2026-06-03T08:12:51+00:00,False,,,,,,,,,,,core
C2_core_ollama_behavioral__bike_rental__llama3.1_8b__r03,C2_core_ollama_behavioral,bike_rental,llama3.1:8b,3,48,failed,schema_validation,schema_error,"forbidden_behaviours.0: Additional properties are not allowed ('event', 'source', 'target' were unexpected); forbidden_behaviours.1: Additional properties are not allowed ('event', 'source', 'target' were unexpected)",2026-06-03T08:12:51+00:00,2026-06-03T08:12:58+00:00,False,,,,,,,,,,,core
C2_core_ollama_behavioral__bike_rental__llama3.1_8b__r04,C2_core_ollama_behavioral,bike_rental,llama3.1:8b,4,49,failed,schema_validation,schema_error,"forbidden_behaviours.0: Additional properties are not allowed ('event', 'source', 'target' were unexpected); forbidden_behaviours.1: Additional properties are not allowed ('event', 'source', 'target' were unexpected)",2026-06-03T08:12:58+00:00,2026-06-03T08:13:06+00:00,False,,,,,,,,,,,core
C2_core_ollama_behavioral__bike_rental__llama3.1_8b__r05,C2_core_ollama_behavioral,bike_rental,llama3.1:8b,5,50,failed,schema_validation,schema_error,"forbidden_behaviours.0: Additional properties are not allowed ('event', 'source', 'target' were unexpected); forbidden_behaviours.1: Additional properties are not allowed ('event', 'source', 'target' were unexpected)",2026-06-03T08:13:06+00:00,2026-06-03T08:13:13+00:00,False,,,,,,,,,,,core
C2_core_ollama_behavioral__bike_rental__mistral-nemo_12b__r01,C2_core_ollama_behavioral,bike_rental,mistral-nemo:12b,1,51,failed,schema_validation,schema_error,"forbidden_behaviours.0: Additional properties are not allowed ('event', 'source', 'target' were unexpected); forbidden_behaviours.1: Additional properties are not allowed ('event', 'source', 'target' were unexpected)",2026-06-03T08:13:13+00:00,2026-06-03T08:13:20+00:00,False,,,,,,,,,,,core
C2_core_ollama_behavioral__bike_rental__mistral-nemo_12b__r02,C2_core_ollama_behavioral,bike_rental,mistral-nemo:12b,2,52,failed,schema_validation,schema_error,"forbidden_behaviours.0: Additional properties are not allowed ('event', 'source', 'target' were unexpected); forbidden_behaviours.1: Additional properties are not allowed ('event', 'source', 'target' were unexpected)",2026-06-03T08:13:20+00:00,2026-06-03T08:13:26+00:00,False,,,,,,,,,,,core
C2_core_ollama_behavioral__bike_rental__mistral-nemo_12b__r03,C2_core_ollama_behavioral,bike_rental,mistral-nemo:12b,3,53,failed,schema_validation,schema_error,"forbidden_behaviours.0: Additional properties are not allowed ('event', 'source', 'target' were unexpected); forbidden_behaviours.1: Additional properties are not allowed ('event', 'source', 'target' were unexpected)",2026-06-03T08:13:26+00:00,2026-06-03T08:13:32+00:00,False,,,,,,,,,,,core
C2_core_ollama_behavioral__bike_rental__mistral-nemo_12b__r04,C2_core_ollama_behavioral,bike_rental,mistral-nemo:12b,4,54,failed,schema_validation,schema_error,"forbidden_behaviours.0: Additional properties are not allowed ('event', 'source', 'target' were unexpected); forbidden_behaviours.1: Additional properties are not allowed ('event', 'source', 'target' were unexpected)",2026-06-03T08:13:32+00:00,2026-06-03T08:13:38+00:00,False,,,,,,,,,,,core
C2_core_ollama_behavioral__bike_rental__mistral-nemo_12b__r05,C2_core_ollama_behavioral,bike_rental,mistral-nemo:12b,5,55,failed,schema_validation,schema_error,"forbidden_behaviours.0: Additional properties are not allowed ('event', 'source', 'target' were unexpected); forbidden_behaviours.1: Additional properties are not allowed ('event', 'source', 'target' were unexpected)",2026-06-03T08:13:38+00:00,2026-06-03T08:13:44+00:00,False,,,,,,,,,,,core
C2_core_ollama_behavioral__bike_rental__gemma2_9b__r01,C2_core_ollama_behavioral,bike_rental,gemma2:9b,1,56,failed,schema_validation,schema_error,transitions.4.event: None is not of type 'string',2026-06-03T08:13:44+00:00,2026-06-03T08:13:58+00:00,False,,,,,,,,,,,core
C2_core_ollama_behavioral__bike_rental__gemma2_9b__r02,C2_core_ollama_behavioral,bike_rental,gemma2:9b,2,57,failed,schema_validation,schema_error,"forbidden_behaviours.0: Additional properties are not allowed ('events', 'state' were unexpected); forbidden_behaviours.1: Additional properties are not allowed ('events', 'state' were unexpected)",2026-06-03T08:13:58+00:00,2026-06-03T08:14:10+00:00,False,,,,,,,,,,,core
C2_core_ollama_behavioral__bike_rental__gemma2_9b__r03,C2_core_ollama_behavioral,bike_rental,gemma2:9b,3,58,failed,schema_validation,schema_error,"forbidden_behaviours.0: Additional properties are not allowed ('events', 'state' were unexpected); forbidden_behaviours.1: Additional properties are not allowed ('events', 'state' were unexpected)",2026-06-03T08:14:10+00:00,2026-06-03T08:14:22+00:00,False,,,,,,,,,,,core
C2_core_ollama_behavioral__bike_rental__gemma2_9b__r04,C2_core_ollama_behavioral,bike_rental,gemma2:9b,4,59,failed,schema_validation,schema_error,"forbidden_behaviours.0: Additional properties are not allowed ('events', 'state' were unexpected); forbidden_behaviours.1: Additional properties are not allowed ('events', 'state' were unexpected)",2026-06-03T08:14:22+00:00,2026-06-03T08:14:34+00:00,False,,,,,,,,,,,core
C2_core_ollama_behavioral__bike_rental__gemma2_9b__r05,C2_core_ollama_behavioral,bike_rental,gemma2:9b,5,60,failed,schema_validation,schema_error,"forbidden_behaviours.0: Additional properties are not allowed ('events', 'state' were unexpected); forbidden_behaviours.1: Additional properties are not allowed ('events', 'state' were unexpected)",2026-06-03T08:14:34+00:00,2026-06-03T08:14:46+00:00,False,,,,,,,,,,,core
C2_core_ollama_behavioral__warehouse_inventory__qwen2.5-coder_7b__r01,C2_core_ollama_behavioral,warehouse_inventory,qwen2.5-coder:7b,1,61,passed,none,none,,2026-06-03T08:14:46+00:00,2026-06-03T08:14:52+00:00,True,True,True,True,0.625,0.25,0.14285714285714285,0.0,1.0,5,5,core
C2_core_ollama_behavioral__warehouse_inventory__qwen2.5-coder_7b__r02,C2_core_ollama_behavioral,warehouse_inventory,qwen2.5-coder:7b,2,62,passed,none,none,,2026-06-03T08:14:52+00:00,2026-06-03T08:14:57+00:00,True,True,True,True,0.625,0.25,0.14285714285714285,0.0,1.0,5,5,core
C2_core_ollama_behavioral__warehouse_inventory__qwen2.5-coder_7b__r03,C2_core_ollama_behavioral,warehouse_inventory,qwen2.5-coder:7b,3,63,passed,none,none,,2026-06-03T08:14:57+00:00,2026-06-03T08:15:02+00:00,True,True,True,True,0.625,0.25,0.14285714285714285,0.0,1.0,5,5,core
C2_core_ollama_behavioral__warehouse_inventory__qwen2.5-coder_7b__r04,C2_core_ollama_behavioral,warehouse_inventory,qwen2.5-coder:7b,4,64,passed,none,none,,2026-06-03T08:15:02+00:00,2026-06-03T08:15:07+00:00,True,True,True,True,0.625,0.25,0.14285714285714285,0.0,1.0,5,5,core
C2_core_ollama_behavioral__warehouse_inventory__qwen2.5-coder_7b__r05,C2_core_ollama_behavioral,warehouse_inventory,qwen2.5-coder:7b,5,65,passed,none,none,,2026-06-03T08:15:07+00:00,2026-06-03T08:15:12+00:00,True,True,True,True,0.625,0.25,0.14285714285714285,0.0,1.0,5,5,core
C2_core_ollama_behavioral__warehouse_inventory__llama3.1_8b__r01,C2_core_ollama_behavioral,warehouse_inventory,llama3.1:8b,1,66,passed,none,none,,2026-06-03T08:15:12+00:00,2026-06-03T08:15:20+00:00,True,False,True,True,0.875,0.25,0.14285714285714285,0.0,1.0,5,7,core
C2_core_ollama_behavioral__warehouse_inventory__llama3.1_8b__r02,C2_core_ollama_behavioral,warehouse_inventory,llama3.1:8b,2,67,passed,none,none,,2026-06-03T08:15:20+00:00,2026-06-03T08:15:26+00:00,True,False,True,True,0.875,0.25,0.14285714285714285,0.0,1.0,5,7,core
C2_core_ollama_behavioral__warehouse_inventory__llama3.1_8b__r03,C2_core_ollama_behavioral,warehouse_inventory,llama3.1:8b,3,68,passed,none,none,,2026-06-03T08:15:26+00:00,2026-06-03T08:15:33+00:00,True,False,True,True,0.875,0.25,0.14285714285714285,0.0,1.0,5,7,core
C2_core_ollama_behavioral__warehouse_inventory__llama3.1_8b__r04,C2_core_ollama_behavioral,warehouse_inventory,llama3.1:8b,4,69,passed,none,none,,2026-06-03T08:15:33+00:00,2026-06-03T08:15:39+00:00,True,False,True,True,0.875,0.25,0.14285714285714285,0.0,1.0,5,7,core
C2_core_ollama_behavioral__warehouse_inventory__llama3.1_8b__r05,C2_core_ollama_behavioral,warehouse_inventory,llama3.1:8b,5,70,passed,none,none,,2026-06-03T08:15:39+00:00,2026-06-03T08:15:45+00:00,True,False,True,True,0.875,0.25,0.14285714285714285,0.0,1.0,5,7,core
C2_core_ollama_behavioral__warehouse_inventory__mistral-nemo_12b__r01,C2_core_ollama_behavioral,warehouse_inventory,mistral-nemo:12b,1,71,passed,none,none,,2026-06-03T08:15:45+00:00,2026-06-03T08:15:54+00:00,True,True,True,True,0.875,0.25,0.14285714285714285,0.0,1.0,5,7,core
C2_core_ollama_behavioral__warehouse_inventory__mistral-nemo_12b__r02,C2_core_ollama_behavioral,warehouse_inventory,mistral-nemo:12b,2,72,passed,none,none,,2026-06-03T08:15:54+00:00,2026-06-03T08:16:01+00:00,True,True,True,True,0.875,0.25,0.14285714285714285,0.0,1.0,5,7,core
C2_core_ollama_behavioral__warehouse_inventory__mistral-nemo_12b__r03,C2_core_ollama_behavioral,warehouse_inventory,mistral-nemo:12b,3,73,passed,none,none,,2026-06-03T08:16:01+00:00,2026-06-03T08:16:07+00:00,True,True,True,True,0.875,0.25,0.14285714285714285,0.0,1.0,5,7,core
C2_core_ollama_behavioral__warehouse_inventory__mistral-nemo_12b__r04,C2_core_ollama_behavioral,warehouse_inventory,mistral-nemo:12b,4,74,passed,none,none,,2026-06-03T08:16:07+00:00,2026-06-03T08:16:14+00:00,True,True,True,True,0.875,0.25,0.14285714285714285,0.0,1.0,5,7,core
C2_core_ollama_behavioral__warehouse_inventory__mistral-nemo_12b__r05,C2_core_ollama_behavioral,warehouse_inventory,mistral-nemo:12b,5,75,passed,none,none,,2026-06-03T08:16:14+00:00,2026-06-03T08:16:20+00:00,True,True,True,True,0.875,0.25,0.14285714285714285,0.0,1.0,5,7,core
C2_core_ollama_behavioral__warehouse_inventory__gemma2_9b__r01,C2_core_ollama_behavioral,warehouse_inventory,gemma2:9b,1,76,passed,none,none,,2026-06-03T08:16:20+00:00,2026-06-03T08:16:32+00:00,True,True,True,True,0.625,0.25,0.14285714285714285,0.0,1.0,5,5,core
C2_core_ollama_behavioral__warehouse_inventory__gemma2_9b__r02,C2_core_ollama_behavioral,warehouse_inventory,gemma2:9b,2,77,passed,none,none,,2026-06-03T08:16:32+00:00,2026-06-03T08:16:45+00:00,True,True,True,True,0.625,0.25,0.14285714285714285,0.0,1.0,5,5,core
C2_core_ollama_behavioral__warehouse_inventory__gemma2_9b__r03,C2_core_ollama_behavioral,warehouse_inventory,gemma2:9b,3,78,passed,none,none,,2026-06-03T08:16:45+00:00,2026-06-03T08:16:57+00:00,True,True,True,True,0.625,0.25,0.14285714285714285,0.0,1.0,5,5,core
C2_core_ollama_behavioral__warehouse_inventory__gemma2_9b__r04,C2_core_ollama_behavioral,warehouse_inventory,gemma2:9b,4,79,passed,none,none,,2026-06-03T08:16:57+00:00,2026-06-03T08:17:09+00:00,True,True,True,True,0.625,0.25,0.14285714285714285,0.0,1.0,5,5,core
C2_core_ollama_behavioral__warehouse_inventory__gemma2_9b__r05,C2_core_ollama_behavioral,warehouse_inventory,gemma2:9b,5,80,passed,none,none,,2026-06-03T08:17:09+00:00,2026-06-03T08:17:21+00:00,True,True,True,True,0.625,0.25,0.14285714285714285,0.0,1.0,5,5,core
C2_core_ollama_behavioral__smart_thermostat__qwen2.5-coder_7b__r01,C2_core_ollama_behavioral,smart_thermostat,qwen2.5-coder:7b,1,81,passed,none,none,,2026-06-03T08:17:21+00:00,2026-06-03T08:17:29+00:00,True,True,True,True,0.75,1.0,1.0,1.0,1.0,0,0,core
C2_core_ollama_behavioral__smart_thermostat__qwen2.5-coder_7b__r02,C2_core_ollama_behavioral,smart_thermostat,qwen2.5-coder:7b,2,82,passed,none,none,,2026-06-03T08:17:29+00:00,2026-06-03T08:17:34+00:00,True,True,True,True,0.75,1.0,1.0,1.0,1.0,0,0,core
C2_core_ollama_behavioral__smart_thermostat__qwen2.5-coder_7b__r03,C2_core_ollama_behavioral,smart_thermostat,qwen2.5-coder:7b,3,83,passed,none,none,,2026-06-03T08:17:34+00:00,2026-06-03T08:17:40+00:00,True,True,True,True,0.75,1.0,1.0,1.0,1.0,0,0,core
C2_core_ollama_behavioral__smart_thermostat__qwen2.5-coder_7b__r04,C2_core_ollama_behavioral,smart_thermostat,qwen2.5-coder:7b,4,84,passed,none,none,,2026-06-03T08:17:40+00:00,2026-06-03T08:17:46+00:00,True,True,True,True,0.75,1.0,1.0,1.0,1.0,0,0,core
C2_core_ollama_behavioral__smart_thermostat__qwen2.5-coder_7b__r05,C2_core_ollama_behavioral,smart_thermostat,qwen2.5-coder:7b,5,85,passed,none,none,,2026-06-03T08:17:46+00:00,2026-06-03T08:17:52+00:00,True,True,True,True,0.75,1.0,1.0,1.0,1.0,0,0,core
C2_core_ollama_behavioral__smart_thermostat__llama3.1_8b__r01,C2_core_ollama_behavioral,smart_thermostat,llama3.1:8b,1,86,passed,none,none,,2026-06-03T08:17:52+00:00,2026-06-03T08:17:58+00:00,True,True,True,True,0.75,1.0,1.0,1.0,1.0,0,0,core
C2_core_ollama_behavioral__smart_thermostat__llama3.1_8b__r02,C2_core_ollama_behavioral,smart_thermostat,llama3.1:8b,2,87,passed,none,none,,2026-06-03T08:17:58+00:00,2026-06-03T08:18:04+00:00,True,True,True,True,0.75,1.0,1.0,1.0,1.0,0,0,core
C2_core_ollama_behavioral__smart_thermostat__llama3.1_8b__r03,C2_core_ollama_behavioral,smart_thermostat,llama3.1:8b,3,88,passed,none,none,,2026-06-03T08:18:04+00:00,2026-06-03T08:18:10+00:00,True,True,True,True,0.75,1.0,1.0,1.0,1.0,0,0,core
C2_core_ollama_behavioral__smart_thermostat__llama3.1_8b__r04,C2_core_ollama_behavioral,smart_thermostat,llama3.1:8b,4,89,passed,none,none,,2026-06-03T08:18:10+00:00,2026-06-03T08:18:16+00:00,True,True,True,True,0.75,1.0,1.0,1.0,1.0,0,0,core
C2_core_ollama_behavioral__smart_thermostat__llama3.1_8b__r05,C2_core_ollama_behavioral,smart_thermostat,llama3.1:8b,5,90,passed,none,none,,2026-06-03T08:18:16+00:00,2026-06-03T08:18:21+00:00,True,True,True,True,0.75,1.0,1.0,1.0,1.0,0,0,core
C2_core_ollama_behavioral__smart_thermostat__mistral-nemo_12b__r01,C2_core_ollama_behavioral,smart_thermostat,mistral-nemo:12b,1,91,passed,none,none,,2026-06-03T08:18:21+00:00,2026-06-03T08:18:30+00:00,True,True,True,True,0.875,1.0,1.0,1.0,1.0,0,1,core
C2_core_ollama_behavioral__smart_thermostat__mistral-nemo_12b__r02,C2_core_ollama_behavioral,smart_thermostat,mistral-nemo:12b,2,92,passed,none,none,,2026-06-03T08:18:30+00:00,2026-06-03T08:18:36+00:00,True,True,True,True,0.875,1.0,1.0,1.0,1.0,0,1,core
C2_core_ollama_behavioral__smart_thermostat__mistral-nemo_12b__r03,C2_core_ollama_behavioral,smart_thermostat,mistral-nemo:12b,3,93,passed,none,none,,2026-06-03T08:18:36+00:00,2026-06-03T08:18:43+00:00,True,True,True,True,0.875,1.0,1.0,1.0,1.0,0,1,core
C2_core_ollama_behavioral__smart_thermostat__mistral-nemo_12b__r04,C2_core_ollama_behavioral,smart_thermostat,mistral-nemo:12b,4,94,passed,none,none,,2026-06-03T08:18:43+00:00,2026-06-03T08:18:49+00:00,True,True,True,True,0.875,1.0,1.0,1.0,1.0,0,1,core
C2_core_ollama_behavioral__smart_thermostat__mistral-nemo_12b__r05,C2_core_ollama_behavioral,smart_thermostat,mistral-nemo:12b,5,95,passed,none,none,,2026-06-03T08:18:49+00:00,2026-06-03T08:18:56+00:00,True,True,True,True,0.875,1.0,1.0,1.0,1.0,0,1,core
C2_core_ollama_behavioral__smart_thermostat__gemma2_9b__r01,C2_core_ollama_behavioral,smart_thermostat,gemma2:9b,1,96,passed,none,none,,2026-06-03T08:18:56+00:00,2026-06-03T08:19:07+00:00,True,True,True,True,0.75,1.0,1.0,1.0,1.0,0,0,core
C2_core_ollama_behavioral__smart_thermostat__gemma2_9b__r02,C2_core_ollama_behavioral,smart_thermostat,gemma2:9b,2,97,passed,none,none,,2026-06-03T08:19:07+00:00,2026-06-03T08:19:18+00:00,True,True,True,True,0.75,1.0,1.0,1.0,1.0,0,0,core
C2_core_ollama_behavioral__smart_thermostat__gemma2_9b__r03,C2_core_ollama_behavioral,smart_thermostat,gemma2:9b,3,98,passed,none,none,,2026-06-03T08:19:18+00:00,2026-06-03T08:19:29+00:00,True,True,True,True,0.75,1.0,1.0,1.0,1.0,0,0,core
C2_core_ollama_behavioral__smart_thermostat__gemma2_9b__r04,C2_core_ollama_behavioral,smart_thermostat,gemma2:9b,4,99,passed,none,none,,2026-06-03T08:19:29+00:00,2026-06-03T08:19:40+00:00,True,True,True,True,0.75,1.0,1.0,1.0,1.0,0,0,core
C2_core_ollama_behavioral__smart_thermostat__gemma2_9b__r05,C2_core_ollama_behavioral,smart_thermostat,gemma2:9b,5,100,passed,none,none,,2026-06-03T08:19:40+00:00,2026-06-03T08:19:52+00:00,True,True,True,True,0.75,1.0,1.0,1.0,1.0,0,0,core
C2_core_ollama_behavioral__elevator__qwen2.5-coder_7b__r01,C2_core_ollama_behavioral,elevator,qwen2.5-coder:7b,1,101,passed,none,none,,2026-06-03T08:19:52+00:00,2026-06-03T08:19:58+00:00,True,True,True,True,0.5,0.25,0.14285714285714285,0.0,1.0,4,4,core
C2_core_ollama_behavioral__elevator__qwen2.5-coder_7b__r02,C2_core_ollama_behavioral,elevator,qwen2.5-coder:7b,2,102,passed,none,none,,2026-06-03T08:19:58+00:00,2026-06-03T08:20:02+00:00,True,True,True,True,0.5,0.25,0.14285714285714285,0.0,1.0,4,4,core
C2_core_ollama_behavioral__elevator__qwen2.5-coder_7b__r03,C2_core_ollama_behavioral,elevator,qwen2.5-coder:7b,3,103,passed,none,none,,2026-06-03T08:20:02+00:00,2026-06-03T08:20:06+00:00,True,True,True,True,0.5,0.25,0.14285714285714285,0.0,1.0,4,4,core
C2_core_ollama_behavioral__elevator__qwen2.5-coder_7b__r04,C2_core_ollama_behavioral,elevator,qwen2.5-coder:7b,4,104,passed,none,none,,2026-06-03T08:20:06+00:00,2026-06-03T08:20:11+00:00,True,True,True,True,0.5,0.25,0.14285714285714285,0.0,1.0,4,4,core
C2_core_ollama_behavioral__elevator__qwen2.5-coder_7b__r05,C2_core_ollama_behavioral,elevator,qwen2.5-coder:7b,5,105,passed,none,none,,2026-06-03T08:20:11+00:00,2026-06-03T08:20:15+00:00,True,True,True,True,0.5,0.25,0.14285714285714285,0.0,1.0,4,4,core
C2_core_ollama_behavioral__elevator__llama3.1_8b__r01,C2_core_ollama_behavioral,elevator,llama3.1:8b,1,106,failed,schema_validation,schema_error,"forbidden_behaviours.0: Additional properties are not allowed ('event', 'source', 'target' were unexpected); forbidden_behaviours.1: Additional properties are not allowed ('event', 'source', 'target' were unexpected)",2026-06-03T08:20:15+00:00,2026-06-03T08:20:23+00:00,False,,,,,,,,,,,core
C2_core_ollama_behavioral__elevator__llama3.1_8b__r02,C2_core_ollama_behavioral,elevator,llama3.1:8b,2,107,failed,schema_validation,schema_error,"forbidden_behaviours.0: Additional properties are not allowed ('event', 'source', 'target' were unexpected); forbidden_behaviours.1: Additional properties are not allowed ('event', 'source', 'target' were unexpected)",2026-06-03T08:20:23+00:00,2026-06-03T08:20:30+00:00,False,,,,,,,,,,,core
C2_core_ollama_behavioral__elevator__llama3.1_8b__r03,C2_core_ollama_behavioral,elevator,llama3.1:8b,3,108,failed,schema_validation,schema_error,"forbidden_behaviours.0: Additional properties are not allowed ('event', 'source', 'target' were unexpected); forbidden_behaviours.1: Additional properties are not allowed ('event', 'source', 'target' were unexpected)",2026-06-03T08:20:30+00:00,2026-06-03T08:20:37+00:00,False,,,,,,,,,,,core
C2_core_ollama_behavioral__elevator__llama3.1_8b__r04,C2_core_ollama_behavioral,elevator,llama3.1:8b,4,109,failed,schema_validation,schema_error,"forbidden_behaviours.0: Additional properties are not allowed ('event', 'source', 'target' were unexpected); forbidden_behaviours.1: Additional properties are not allowed ('event', 'source', 'target' were unexpected)",2026-06-03T08:20:37+00:00,2026-06-03T08:20:44+00:00,False,,,,,,,,,,,core
C2_core_ollama_behavioral__elevator__llama3.1_8b__r05,C2_core_ollama_behavioral,elevator,llama3.1:8b,5,110,failed,schema_validation,schema_error,"forbidden_behaviours.0: Additional properties are not allowed ('event', 'source', 'target' were unexpected); forbidden_behaviours.1: Additional properties are not allowed ('event', 'source', 'target' were unexpected)",2026-06-03T08:20:44+00:00,2026-06-03T08:20:51+00:00,False,,,,,,,,,,,core
C2_core_ollama_behavioral__elevator__mistral-nemo_12b__r01,C2_core_ollama_behavioral,elevator,mistral-nemo:12b,1,111,passed,none,none,,2026-06-03T08:20:51+00:00,2026-06-03T08:20:58+00:00,True,True,True,True,0.5,0.25,0.14285714285714285,0.0,1.0,4,4,core
C2_core_ollama_behavioral__elevator__mistral-nemo_12b__r02,C2_core_ollama_behavioral,elevator,mistral-nemo:12b,2,112,passed,none,none,,2026-06-03T08:20:58+00:00,2026-06-03T08:21:02+00:00,True,True,True,True,0.5,0.25,0.14285714285714285,0.0,1.0,4,4,core
C2_core_ollama_behavioral__elevator__mistral-nemo_12b__r03,C2_core_ollama_behavioral,elevator,mistral-nemo:12b,3,113,passed,none,none,,2026-06-03T08:21:02+00:00,2026-06-03T08:21:06+00:00,True,True,True,True,0.5,0.25,0.14285714285714285,0.0,1.0,4,4,core
C2_core_ollama_behavioral__elevator__mistral-nemo_12b__r04,C2_core_ollama_behavioral,elevator,mistral-nemo:12b,4,114,passed,none,none,,2026-06-03T08:21:06+00:00,2026-06-03T08:21:10+00:00,True,True,True,True,0.5,0.25,0.14285714285714285,0.0,1.0,4,4,core
C2_core_ollama_behavioral__elevator__mistral-nemo_12b__r05,C2_core_ollama_behavioral,elevator,mistral-nemo:12b,5,115,passed,none,none,,2026-06-03T08:21:10+00:00,2026-06-03T08:21:14+00:00,True,True,True,True,0.5,0.25,0.14285714285714285,0.0,1.0,4,4,core
C2_core_ollama_behavioral__elevator__gemma2_9b__r01,C2_core_ollama_behavioral,elevator,gemma2:9b,1,116,passed,none,none,,2026-06-03T08:21:14+00:00,2026-06-03T08:21:22+00:00,True,True,True,True,0.5,0.25,0.14285714285714285,0.0,1.0,4,4,core
C2_core_ollama_behavioral__elevator__gemma2_9b__r02,C2_core_ollama_behavioral,elevator,gemma2:9b,2,117,passed,none,none,,2026-06-03T08:21:22+00:00,2026-06-03T08:21:30+00:00,True,True,True,True,0.5,0.25,0.14285714285714285,0.0,1.0,4,4,core
C2_core_ollama_behavioral__elevator__gemma2_9b__r03,C2_core_ollama_behavioral,elevator,gemma2:9b,3,118,passed,none,none,,2026-06-03T08:21:30+00:00,2026-06-03T08:21:37+00:00,True,True,True,True,0.5,0.25,0.14285714285714285,0.0,1.0,4,4,core
C2_core_ollama_behavioral__elevator__gemma2_9b__r04,C2_core_ollama_behavioral,elevator,gemma2:9b,4,119,passed,none,none,,2026-06-03T08:21:37+00:00,2026-06-03T08:21:45+00:00,True,True,True,True,0.5,0.25,0.14285714285714285,0.0,1.0,4,4,core
C2_core_ollama_behavioral__elevator__gemma2_9b__r05,C2_core_ollama_behavioral,elevator,gemma2:9b,5,120,passed,none,none,,2026-06-03T08:21:45+00:00,2026-06-03T08:21:53+00:00,True,True,True,True,0.5,0.25,0.14285714285714285,0.0,1.0,4,4,core
C2_core_ollama_behavioral__hotel_booking__qwen2.5-coder_7b__r01,C2_core_ollama_behavioral,hotel_booking,qwen2.5-coder:7b,1,121,passed,none,none,,2026-06-03T08:21:53+00:00,2026-06-03T08:22:01+00:00,True,False,True,True,0.875,0.875,1.0,1.0,0.0,0,2,core
C2_core_ollama_behavioral__hotel_booking__qwen2.5-coder_7b__r02,C2_core_ollama_behavioral,hotel_booking,qwen2.5-coder:7b,2,122,passed,none,none,,2026-06-03T08:22:01+00:00,2026-06-03T08:22:08+00:00,True,False,True,True,0.875,0.875,1.0,1.0,0.0,0,2,core
C2_core_ollama_behavioral__hotel_booking__qwen2.5-coder_7b__r03,C2_core_ollama_behavioral,hotel_booking,qwen2.5-coder:7b,3,123,passed,none,none,,2026-06-03T08:22:08+00:00,2026-06-03T08:22:15+00:00,True,False,True,True,0.875,0.875,1.0,1.0,0.0,0,2,core
C2_core_ollama_behavioral__hotel_booking__qwen2.5-coder_7b__r04,C2_core_ollama_behavioral,hotel_booking,qwen2.5-coder:7b,4,124,passed,none,none,,2026-06-03T08:22:15+00:00,2026-06-03T08:22:21+00:00,True,False,True,True,0.875,0.875,1.0,1.0,0.0,0,2,core
C2_core_ollama_behavioral__hotel_booking__qwen2.5-coder_7b__r05,C2_core_ollama_behavioral,hotel_booking,qwen2.5-coder:7b,5,125,passed,none,none,,2026-06-03T08:22:21+00:00,2026-06-03T08:22:27+00:00,True,False,True,True,0.875,0.875,1.0,1.0,0.0,0,2,core
C2_core_ollama_behavioral__hotel_booking__llama3.1_8b__r01,C2_core_ollama_behavioral,hotel_booking,llama3.1:8b,1,126,passed,none,none,,2026-06-03T08:22:27+00:00,2026-06-03T08:22:36+00:00,True,True,False,True,0.875,0.875,1.0,1.0,0.0,0,2,core
C2_core_ollama_behavioral__hotel_booking__llama3.1_8b__r02,C2_core_ollama_behavioral,hotel_booking,llama3.1:8b,2,127,passed,none,none,,2026-06-03T08:22:36+00:00,2026-06-03T08:22:45+00:00,True,True,False,True,0.875,0.875,1.0,1.0,0.0,0,2,core
C2_core_ollama_behavioral__hotel_booking__llama3.1_8b__r03,C2_core_ollama_behavioral,hotel_booking,llama3.1:8b,3,128,passed,none,none,,2026-06-03T08:22:45+00:00,2026-06-03T08:22:53+00:00,True,True,False,True,0.875,0.875,1.0,1.0,0.0,0,2,core
C2_core_ollama_behavioral__hotel_booking__llama3.1_8b__r04,C2_core_ollama_behavioral,hotel_booking,llama3.1:8b,4,129,passed,none,none,,2026-06-03T08:22:53+00:00,2026-06-03T08:23:02+00:00,True,True,False,True,0.875,0.875,1.0,1.0,0.0,0,2,core
C2_core_ollama_behavioral__hotel_booking__llama3.1_8b__r05,C2_core_ollama_behavioral,hotel_booking,llama3.1:8b,5,130,passed,none,none,,2026-06-03T08:23:02+00:00,2026-06-03T08:23:10+00:00,True,True,False,True,0.875,0.875,1.0,1.0,0.0,0,2,core
C2_core_ollama_behavioral__hotel_booking__mistral-nemo_12b__r01,C2_core_ollama_behavioral,hotel_booking,mistral-nemo:12b,1,131,passed,none,none,,2026-06-03T08:23:10+00:00,2026-06-03T08:23:17+00:00,True,True,True,True,0.625,1.0,1.0,1.0,1.0,0,0,core
C2_core_ollama_behavioral__hotel_booking__mistral-nemo_12b__r02,C2_core_ollama_behavioral,hotel_booking,mistral-nemo:12b,2,132,passed,none,none,,2026-06-03T08:23:17+00:00,2026-06-03T08:23:22+00:00,True,True,True,True,0.625,1.0,1.0,1.0,1.0,0,0,core
C2_core_ollama_behavioral__hotel_booking__mistral-nemo_12b__r03,C2_core_ollama_behavioral,hotel_booking,mistral-nemo:12b,3,133,passed,none,none,,2026-06-03T08:23:22+00:00,2026-06-03T08:23:27+00:00,True,True,True,True,0.625,1.0,1.0,1.0,1.0,0,0,core
C2_core_ollama_behavioral__hotel_booking__mistral-nemo_12b__r04,C2_core_ollama_behavioral,hotel_booking,mistral-nemo:12b,4,134,passed,none,none,,2026-06-03T08:23:27+00:00,2026-06-03T08:23:31+00:00,True,True,True,True,0.625,1.0,1.0,1.0,1.0,0,0,core
C2_core_ollama_behavioral__hotel_booking__mistral-nemo_12b__r05,C2_core_ollama_behavioral,hotel_booking,mistral-nemo:12b,5,135,passed,none,none,,2026-06-03T08:23:31+00:00,2026-06-03T08:23:36+00:00,True,True,True,True,0.625,1.0,1.0,1.0,1.0,0,0,core
C2_core_ollama_behavioral__hotel_booking__gemma2_9b__r01,C2_core_ollama_behavioral,hotel_booking,gemma2:9b,1,136,passed,none,none,,2026-06-03T08:23:36+00:00,2026-06-03T08:23:48+00:00,True,False,True,True,0.875,0.25,0.14285714285714285,0.0,1.0,5,7,core
C2_core_ollama_behavioral__hotel_booking__gemma2_9b__r02,C2_core_ollama_behavioral,hotel_booking,gemma2:9b,2,137,passed,none,none,,2026-06-03T08:23:48+00:00,2026-06-03T08:23:59+00:00,True,False,True,True,0.75,0.25,0.14285714285714285,0.0,1.0,5,6,core
C2_core_ollama_behavioral__hotel_booking__gemma2_9b__r03,C2_core_ollama_behavioral,hotel_booking,gemma2:9b,3,138,passed,none,none,,2026-06-03T08:23:59+00:00,2026-06-03T08:24:09+00:00,True,False,True,True,0.75,0.25,0.14285714285714285,0.0,1.0,5,6,core
C2_core_ollama_behavioral__hotel_booking__gemma2_9b__r04,C2_core_ollama_behavioral,hotel_booking,gemma2:9b,4,139,passed,none,none,,2026-06-03T08:24:09+00:00,2026-06-03T08:24:20+00:00,True,False,True,True,0.75,0.25,0.14285714285714285,0.0,1.0,5,6,core
C2_core_ollama_behavioral__hotel_booking__gemma2_9b__r05,C2_core_ollama_behavioral,hotel_booking,gemma2:9b,5,140,passed,none,none,,2026-06-03T08:24:20+00:00,2026-06-03T08:24:31+00:00,True,False,True,True,0.75,0.25,0.14285714285714285,0.0,1.0,5,6,core
C2_core_ollama_behavioral__train_ticket_booking__qwen2.5-coder_7b__r01,C2_core_ollama_behavioral,train_ticket_booking,qwen2.5-coder:7b,1,141,passed,none,none,,2026-06-03T08:24:31+00:00,2026-06-03T08:24:39+00:00,True,True,True,True,0.875,0.25,0.14285714285714285,0.0,1.0,5,7,core
C2_core_ollama_behavioral__train_ticket_booking__qwen2.5-coder_7b__r02,C2_core_ollama_behavioral,train_ticket_booking,qwen2.5-coder:7b,2,142,passed,none,none,,2026-06-03T08:24:39+00:00,2026-06-03T08:24:46+00:00,True,True,True,True,0.875,0.25,0.14285714285714285,0.0,1.0,5,7,core
C2_core_ollama_behavioral__train_ticket_booking__qwen2.5-coder_7b__r03,C2_core_ollama_behavioral,train_ticket_booking,qwen2.5-coder:7b,3,143,passed,none,none,,2026-06-03T08:24:46+00:00,2026-06-03T08:24:53+00:00,True,True,True,True,0.875,0.25,0.14285714285714285,0.0,1.0,5,7,core
C2_core_ollama_behavioral__train_ticket_booking__qwen2.5-coder_7b__r04,C2_core_ollama_behavioral,train_ticket_booking,qwen2.5-coder:7b,4,144,passed,none,none,,2026-06-03T08:24:53+00:00,2026-06-03T08:24:59+00:00,True,True,True,True,0.875,0.25,0.14285714285714285,0.0,1.0,5,7,core
C2_core_ollama_behavioral__train_ticket_booking__qwen2.5-coder_7b__r05,C2_core_ollama_behavioral,train_ticket_booking,qwen2.5-coder:7b,5,145,passed,none,none,,2026-06-03T08:24:59+00:00,2026-06-03T08:25:06+00:00,True,True,True,True,0.875,0.25,0.14285714285714285,0.0,1.0,5,7,core
C2_core_ollama_behavioral__train_ticket_booking__llama3.1_8b__r01,C2_core_ollama_behavioral,train_ticket_booking,llama3.1:8b,1,146,passed,none,none,,2026-06-03T08:25:06+00:00,2026-06-03T08:25:14+00:00,True,True,True,True,0.875,0.25,0.14285714285714285,0.0,1.0,5,8,core
C2_core_ollama_behavioral__train_ticket_booking__llama3.1_8b__r02,C2_core_ollama_behavioral,train_ticket_booking,llama3.1:8b,2,147,passed,none,none,,2026-06-03T08:25:14+00:00,2026-06-03T08:25:22+00:00,True,True,True,True,0.875,0.25,0.14285714285714285,0.0,1.0,5,8,core
C2_core_ollama_behavioral__train_ticket_booking__llama3.1_8b__r03,C2_core_ollama_behavioral,train_ticket_booking,llama3.1:8b,3,148,passed,none,none,,2026-06-03T08:25:22+00:00,2026-06-03T08:25:29+00:00,True,True,True,True,0.875,0.25,0.14285714285714285,0.0,1.0,5,8,core
C2_core_ollama_behavioral__train_ticket_booking__llama3.1_8b__r04,C2_core_ollama_behavioral,train_ticket_booking,llama3.1:8b,4,149,passed,none,none,,2026-06-03T08:25:29+00:00,2026-06-03T08:25:36+00:00,True,True,True,True,0.875,0.25,0.14285714285714285,0.0,1.0,5,8,core
C2_core_ollama_behavioral__train_ticket_booking__llama3.1_8b__r05,C2_core_ollama_behavioral,train_ticket_booking,llama3.1:8b,5,150,passed,none,none,,2026-06-03T08:25:36+00:00,2026-06-03T08:25:43+00:00,True,True,True,True,0.875,0.25,0.14285714285714285,0.0,1.0,5,8,core
C2_core_ollama_behavioral__train_ticket_booking__mistral-nemo_12b__r01,C2_core_ollama_behavioral,train_ticket_booking,mistral-nemo:12b,1,151,passed,none,none,,2026-06-03T08:25:43+00:00,2026-06-03T08:25:52+00:00,True,True,True,True,0.875,0.25,0.14285714285714285,0.0,1.0,5,7,core
C2_core_ollama_behavioral__train_ticket_booking__mistral-nemo_12b__r02,C2_core_ollama_behavioral,train_ticket_booking,mistral-nemo:12b,2,152,passed,none,none,,2026-06-03T08:25:52+00:00,2026-06-03T08:26:00+00:00,True,True,True,True,0.875,0.25,0.14285714285714285,0.0,1.0,5,7,core
C2_core_ollama_behavioral__train_ticket_booking__mistral-nemo_12b__r03,C2_core_ollama_behavioral,train_ticket_booking,mistral-nemo:12b,3,153,passed,none,none,,2026-06-03T08:26:00+00:00,2026-06-03T08:26:07+00:00,True,True,True,True,0.875,0.25,0.14285714285714285,0.0,1.0,5,7,core
C2_core_ollama_behavioral__train_ticket_booking__mistral-nemo_12b__r04,C2_core_ollama_behavioral,train_ticket_booking,mistral-nemo:12b,4,154,passed,none,none,,2026-06-03T08:26:07+00:00,2026-06-03T08:26:14+00:00,True,True,True,True,0.875,0.25,0.14285714285714285,0.0,1.0,5,7,core
C2_core_ollama_behavioral__train_ticket_booking__mistral-nemo_12b__r05,C2_core_ollama_behavioral,train_ticket_booking,mistral-nemo:12b,5,155,passed,none,none,,2026-06-03T08:26:14+00:00,2026-06-03T08:26:22+00:00,True,True,True,True,0.875,0.25,0.14285714285714285,0.0,1.0,5,7,core
C2_core_ollama_behavioral__train_ticket_booking__gemma2_9b__r01,C2_core_ollama_behavioral,train_ticket_booking,gemma2:9b,1,156,passed,none,none,,2026-06-03T08:26:22+00:00,2026-06-03T08:26:33+00:00,True,True,True,True,0.625,0.25,0.14285714285714285,0.0,1.0,5,5,core
C2_core_ollama_behavioral__train_ticket_booking__gemma2_9b__r02,C2_core_ollama_behavioral,train_ticket_booking,gemma2:9b,2,157,passed,none,none,,2026-06-03T08:26:33+00:00,2026-06-03T08:26:43+00:00,True,True,True,True,0.625,0.25,0.14285714285714285,0.0,1.0,5,5,core
C2_core_ollama_behavioral__train_ticket_booking__gemma2_9b__r03,C2_core_ollama_behavioral,train_ticket_booking,gemma2:9b,3,158,passed,none,none,,2026-06-03T08:26:43+00:00,2026-06-03T08:26:53+00:00,True,True,True,True,0.625,0.25,0.14285714285714285,0.0,1.0,5,5,core
C2_core_ollama_behavioral__train_ticket_booking__gemma2_9b__r04,C2_core_ollama_behavioral,train_ticket_booking,gemma2:9b,4,159,passed,none,none,,2026-06-03T08:26:53+00:00,2026-06-03T08:27:02+00:00,True,True,True,True,0.625,0.25,0.14285714285714285,0.0,1.0,5,5,core
C2_core_ollama_behavioral__train_ticket_booking__gemma2_9b__r05,C2_core_ollama_behavioral,train_ticket_booking,gemma2:9b,5,160,passed,none,none,,2026-06-03T08:27:02+00:00,2026-06-03T08:27:12+00:00,True,True,True,True,0.625,0.25,0.14285714285714285,0.0,1.0,5,5,core
C2_core_ollama_behavioral__package_locker__qwen2.5-coder_7b__r01,C2_core_ollama_behavioral,package_locker,qwen2.5-coder:7b,1,161,passed,none,none,,2026-06-03T08:27:12+00:00,2026-06-03T08:27:17+00:00,True,True,True,True,0.5,0.35294117647058826,0.15384615384615385,0.0,1.0,4,4,core
C2_core_ollama_behavioral__package_locker__qwen2.5-coder_7b__r02,C2_core_ollama_behavioral,package_locker,qwen2.5-coder:7b,2,162,passed,none,none,,2026-06-03T08:27:17+00:00,2026-06-03T08:27:22+00:00,True,True,True,True,0.5,0.35294117647058826,0.15384615384615385,0.0,1.0,4,4,core
C2_core_ollama_behavioral__package_locker__qwen2.5-coder_7b__r03,C2_core_ollama_behavioral,package_locker,qwen2.5-coder:7b,3,163,passed,none,none,,2026-06-03T08:27:22+00:00,2026-06-03T08:27:26+00:00,True,True,True,True,0.5,0.35294117647058826,0.15384615384615385,0.0,1.0,4,4,core
C2_core_ollama_behavioral__package_locker__qwen2.5-coder_7b__r04,C2_core_ollama_behavioral,package_locker,qwen2.5-coder:7b,4,164,passed,none,none,,2026-06-03T08:27:26+00:00,2026-06-03T08:27:30+00:00,True,True,True,True,0.5,0.35294117647058826,0.15384615384615385,0.0,1.0,4,4,core
C2_core_ollama_behavioral__package_locker__qwen2.5-coder_7b__r05,C2_core_ollama_behavioral,package_locker,qwen2.5-coder:7b,5,165,passed,none,none,,2026-06-03T08:27:30+00:00,2026-06-03T08:27:34+00:00,True,True,True,True,0.5,0.35294117647058826,0.15384615384615385,0.0,1.0,4,4,core
C2_core_ollama_behavioral__package_locker__llama3.1_8b__r01,C2_core_ollama_behavioral,package_locker,llama3.1:8b,1,166,passed,none,none,,2026-06-03T08:27:34+00:00,2026-06-03T08:27:42+00:00,True,True,True,True,0.875,0.7058823529411765,0.6153846153846154,0.5,1.0,1,4,core
C2_core_ollama_behavioral__package_locker__llama3.1_8b__r02,C2_core_ollama_behavioral,package_locker,llama3.1:8b,2,167,passed,none,none,,2026-06-03T08:27:42+00:00,2026-06-03T08:27:49+00:00,True,True,True,True,0.875,0.7058823529411765,0.6153846153846154,0.5,1.0,1,4,core
C2_core_ollama_behavioral__package_locker__llama3.1_8b__r03,C2_core_ollama_behavioral,package_locker,llama3.1:8b,3,168,passed,none,none,,2026-06-03T08:27:49+00:00,2026-06-03T08:27:55+00:00,True,True,True,True,0.875,0.7058823529411765,0.6153846153846154,0.5,1.0,1,4,core
C2_core_ollama_behavioral__package_locker__llama3.1_8b__r04,C2_core_ollama_behavioral,package_locker,llama3.1:8b,4,169,passed,none,none,,2026-06-03T08:27:55+00:00,2026-06-03T08:28:02+00:00,True,True,True,True,0.875,0.7058823529411765,0.6153846153846154,0.5,1.0,1,4,core
C2_core_ollama_behavioral__package_locker__llama3.1_8b__r05,C2_core_ollama_behavioral,package_locker,llama3.1:8b,5,170,passed,none,none,,2026-06-03T08:28:02+00:00,2026-06-03T08:28:09+00:00,True,True,True,True,0.875,0.7058823529411765,0.6153846153846154,0.5,1.0,1,4,core
C2_core_ollama_behavioral__package_locker__mistral-nemo_12b__r01,C2_core_ollama_behavioral,package_locker,mistral-nemo:12b,1,171,passed,none,none,,2026-06-03T08:28:09+00:00,2026-06-03T08:28:18+00:00,True,True,False,False,0.875,0.35294117647058826,0.15384615384615385,0.0,1.0,4,7,core
C2_core_ollama_behavioral__package_locker__mistral-nemo_12b__r02,C2_core_ollama_behavioral,package_locker,mistral-nemo:12b,2,172,passed,none,none,,2026-06-03T08:28:18+00:00,2026-06-03T08:28:24+00:00,True,True,False,False,0.875,0.35294117647058826,0.15384615384615385,0.0,1.0,4,7,core
C2_core_ollama_behavioral__package_locker__mistral-nemo_12b__r03,C2_core_ollama_behavioral,package_locker,mistral-nemo:12b,3,173,passed,none,none,,2026-06-03T08:28:24+00:00,2026-06-03T08:28:31+00:00,True,True,False,False,0.875,0.35294117647058826,0.15384615384615385,0.0,1.0,4,7,core
C2_core_ollama_behavioral__package_locker__mistral-nemo_12b__r04,C2_core_ollama_behavioral,package_locker,mistral-nemo:12b,4,174,passed,none,none,,2026-06-03T08:28:31+00:00,2026-06-03T08:28:37+00:00,True,True,False,False,0.875,0.35294117647058826,0.15384615384615385,0.0,1.0,4,7,core
C2_core_ollama_behavioral__package_locker__mistral-nemo_12b__r05,C2_core_ollama_behavioral,package_locker,mistral-nemo:12b,5,175,passed,none,none,,2026-06-03T08:28:37+00:00,2026-06-03T08:28:44+00:00,True,True,False,False,0.875,0.35294117647058826,0.15384615384615385,0.0,1.0,4,7,core
C2_core_ollama_behavioral__package_locker__gemma2_9b__r01,C2_core_ollama_behavioral,package_locker,gemma2:9b,1,176,passed,none,none,,2026-06-03T08:28:44+00:00,2026-06-03T08:28:53+00:00,True,True,True,True,0.5,0.35294117647058826,0.15384615384615385,0.0,1.0,4,4,core
C2_core_ollama_behavioral__package_locker__gemma2_9b__r02,C2_core_ollama_behavioral,package_locker,gemma2:9b,2,177,passed,none,none,,2026-06-03T08:28:53+00:00,2026-06-03T08:29:02+00:00,True,True,True,True,0.5,0.35294117647058826,0.15384615384615385,0.0,1.0,4,4,core
C2_core_ollama_behavioral__package_locker__gemma2_9b__r03,C2_core_ollama_behavioral,package_locker,gemma2:9b,3,178,passed,none,none,,2026-06-03T08:29:02+00:00,2026-06-03T08:29:10+00:00,True,True,True,True,0.5,0.35294117647058826,0.15384615384615385,0.0,1.0,4,4,core
C2_core_ollama_behavioral__package_locker__gemma2_9b__r04,C2_core_ollama_behavioral,package_locker,gemma2:9b,4,179,passed,none,none,,2026-06-03T08:29:10+00:00,2026-06-03T08:29:19+00:00,True,True,True,True,0.5,0.35294117647058826,0.15384615384615385,0.0,1.0,4,4,core
C2_core_ollama_behavioral__package_locker__gemma2_9b__r05,C2_core_ollama_behavioral,package_locker,gemma2:9b,5,180,passed,none,none,,2026-06-03T08:29:19+00:00,2026-06-03T08:29:28+00:00,True,True,True,True,0.5,0.35294117647058826,0.15384615384615385,0.0,1.0,4,4,core
